{"cameraMode":{"drawMode":0,"name":"Shaded","section":"Shading Mode"},"sceneLighting":false,"audioPlay":false,"sceneViewState":{"showFog":true,"showMaterialUpdate":false,"showSkybox":true,"showFlares":true,"showImageEffects":true,"showParticleSystems":true},"in2DMode":false,"pivot":{"x":17.90840721130371,"y":5.0,"z":-19.398666381835939},"rotation":{"x":0.014837579801678658,"y":0.9307138919830322,"z":-0.3634665906429291,"w":0.03799401596188545},"size":1.9428927898406983,"orthographic":false}