{"cameraMode":{"drawMode":0,"name":"Shaded","section":"Shading Mode"},"sceneLighting":false,"audioPlay":false,"sceneViewState":{"showFog":true,"showMaterialUpdate":false,"showSkybox":true,"showFlares":true,"showImageEffects":true,"showParticleSystems":true},"in2DMode":false,"pivot":{"x":14.747457504272461,"y":5.0,"z":-19.59232521057129},"rotation":{"x":0.2713316082954407,"y":0.41600197553634646,"z":-0.1315680891275406,"w":0.8579110503196716},"size":2.8578836917877199,"orthographic":false}