{"cameraMode":{"drawMode":0,"name":"Shaded","section":"Shading Mode"},"sceneLighting":false,"audioPlay":false,"sceneViewState":{"showFog":true,"showMaterialUpdate":false,"showSkybox":true,"showFlares":true,"showImageEffects":true,"showParticleSystems":true},"in2DMode":false,"pivot":{"x":17.90840721130371,"y":5.0,"z":-19.398666381835939},"rotation":{"x":0.18683230876922608,"y":0.49063414335250857,"z":-0.10858961194753647,"w":0.8441446423530579},"size":0.14289292693138123,"orthographic":false}