{"cameraMode":{"drawMode":0,"name":"Shaded","section":"Shading Mode"},"sceneLighting":false,"audioPlay":false,"sceneViewState":{"showFog":true,"showMaterialUpdate":false,"showSkybox":true,"showFlares":true,"showImageEffects":true,"showParticleSystems":true},"in2DMode":false,"pivot":{"x":1.1212855577468873,"y":0.6948534250259399,"z":-0.7649145126342773},"rotation":{"x":-0.31204161047935488,"y":0.656150758266449,"z":-0.34436240792274477,"w":-0.5945677161216736},"size":2.370819091796875,"orthographic":false}